{
  "authInfo": {
    "2J14K7A6U": {
      "readers": [],
      "owners": [],
      "writers": [],
      "runners": []
    },
    "2J2BBAW7A": {
      "readers": [],
      "owners": [],
      "writers": [],
      "runners": []
    },
    "2J14C8QPZ": {
      "readers": [],
      "owners": [],
      "writers": [],
      "runners": []
    },
    "2J1P3R7CX": {
      "readers": [],
      "owners": [],
      "writers": [],
      "runners": []
    },
    "2G3HY9PW8": {
      "readers": [],
      "owners": [],
      "writers": [],
      "runners": []
    },
    "2HYQDM1CT": {
      "readers": [],
      "owners": [],
      "writers": [],
      "runners": []
    },
    "2HXQD96A4": {
      "readers": [],
      "owners": [],
      "writers": [],
      "runners": []
    },
    "2J176CP2T": {
      "readers": [],
      "owners": [],
      "writers": [],
      "runners": []
    },
    "2J3QVWYZY": {
      "readers": [],
      "owners": [],
      "writers": [],
      "runners": []
    },
    "2J29QEUAH": {
      "readers": [],
      "owners": [],
      "writers": [],
      "runners": []
    }
  }
}